Bryan,bryan13@gmail.com,0108018831
Janesh,janeshvaren30@gmail.com,0169382716
Harresh,harresh13@yahoo.com,0123456789
Paul,hawwww@gmail.com,0457896543
Bryan,hawjeanyung@gmail.com,0108018831
Bryan,hawjeanyung@gmail.com,0108018831
Justin,justin@gmaill.com,0108018831
justin,justin@gmail.com,0108018831
Mahesh,mahesh13@gmail.com,0174162567
Paul,paul13@gmail.com,0119876547
